Posting Date;Document Date;Document Header Text;Material;Material Description;Plant;Storage Location;Movement Type;Material Document;Batch;Qty in unit of entry;Unit of Entry;Entry Date;Time of Entry;User Name;Base Unit of Measure;Quantity;Amt.in Loc.Cur.;Goods Recipient
2024/04/30;2024/04/30;RS Dill 30.04.2024;121001071;Raw Sugar (F);2201;2018;Z03;4054669952;103625/094;-23.960;MT;2024/05/02;14:58:59;ID0857;MT;-23.960;0.00;211000076
2024/04/30;2024/04/30;RS Dill 30.04.2024;121001071;Raw Sugar (F);2201;2018;Z03;4054669952;103625/094;-24.060;MT;2024/05/02;14:58:59;ID0857;MT;-24.060;0.00;211000076
2024/04/30;2024/04/30;RS Dill 30.04.2024;121001071;Raw Sugar (F);2201;2018;Z03;4054669952;103625/094;-24.040;MT;2024/05/02;14:58:59;ID0857;MT;-24.040;0.00;211000076
2024/04/29;2024/04/29;RS Dill 29.04.2024;121001071;Raw Sugar (F);2201;2018;Z03;4054669951;103625/094;-24.220;MT;2024/05/02;14:57:55;ID0857;MT;-24.220;0.00;211000076
2024/04/29;2024/04/29;RS Dill 29.04.2024;121001071;Raw Sugar (F);2201;2018;Z03;4054669951;103625/094;-23.980;MT;2024/05/02;14:57:55;ID0857;MT;-23.980;0.00;211000076
2024/04/29;2024/04/29;RS Dill 29.04.2024;121001071;Raw Sugar (F);2201;2018;Z03;4054669951;103625/094;-24.380;MT;2024/05/02;14:57:55;ID0857;MT;-24.380;0.00;211000076
2024/04/29;2024/04/29;RS Dill 29.04.2024;121001071;Raw Sugar (F);2201;2018;Z03;4054669951;103625/094;-24.140;MT;2024/05/02;14:57:55;ID0857;MT;-24.140;0.00;211000076
2024/04/29;2024/04/29;RS Dill 29.04.2024;121001071;Raw Sugar (F);2201;2018;Z03;4054669951;103625/094;-24.220;MT;2024/05/02;14:57:55;ID0857;MT;-24.220;0.00;211000076
2024/04/27;2024/04/27;RS Dill 27.04.2024;121001071;Raw Sugar (F);2201;2018;Z03;4054626784;103625/094;-23.820;MT;2024/04/27;15:22:24;ID0857;MT;-23.820;0.00;211000076
2024/04/27;2024/04/27;RS Dill 27.04.2024;121001071;Raw Sugar (F);2201;2018;Z03;4054626784;103625/094;-24.100;MT;2024/04/27;15:22:24;ID0857;MT;-24.100;0.00;211000076
2024/04/27;2024/04/27;RS Dill 27.04.2024;121001071;Raw Sugar (F);2201;2018;Z03;4054626784;103625/094;-24.100;MT;2024/04/27;15:22:24;ID0857;MT;-24.100;0.00;211000076
2024/04/27;2024/04/27;RS Dill 27.04.2024;121001071;Raw Sugar (F);2201;2018;Z03;4054626784;103625/094;-23.960;MT;2024/04/27;15:22:24;ID0857;MT;-23.960;0.00;211000076
2024/04/27;2024/04/27;RS Dill 27.04.2024;121001071;Raw Sugar (F);2201;2018;Z03;4054626784;103625/094;-24.120;MT;2024/04/27;15:22:24;ID0857;MT;-24.120;0.00;211000076
2024/04/27;2024/04/27;Cancel 4054626784;121001071;Raw Sugar (F);2201;2018;Z04;4054629512;103625/094;24.120;MT;2024/04/29;15:00:31;ID0857;MT;24.120;0.00;211000076
2024/04/27;2024/04/27;Cancel 4054626784;121001071;Raw Sugar (F);2201;2018;Z04;4054629512;103625/094;23.960;MT;2024/04/29;15:00:31;ID0857;MT;23.960;0.00;211000076
2024/04/27;2024/04/27;Cancel 4054626784;121001071;Raw Sugar (F);2201;2018;Z04;4054629512;103625/094;24.100;MT;2024/04/29;15:00:31;ID0857;MT;24.100;0.00;211000076
2024/04/27;2024/04/27;Cancel 4054626784;121001071;Raw Sugar (F);2201;2018;Z04;4054629512;103625/094;24.100;MT;2024/04/29;15:00:31;ID0857;MT;24.100;0.00;211000076
2024/04/27;2024/04/27;Cancel 4054626784;121001071;Raw Sugar (F);2201;2018;Z04;4054629512;103625/094;23.820;MT;2024/04/29;15:00:31;ID0857;MT;23.820;0.00;211000076
2024/04/27;2024/04/27;RS Dill 27.04.2024;121001071;Raw Sugar (F);2201;2018;Z03;4054630070;103625/094;-24.020;MT;2024/04/29;15:58:14;ID0857;MT;-24.020;0.00;211000076
2024/04/27;2024/04/27;RS Dill 27.04.2024;121001071;Raw Sugar (F);2201;2018;Z03;4054630070;103625/094;-24.500;MT;2024/04/29;15:58:14;ID0857;MT;-24.500;0.00;211000076
2024/04/27;2024/04/27;RS Dill 27.04.2024;121001071;Raw Sugar (F);2201;2018;Z03;4054630070;103625/094;-23.920;MT;2024/04/29;15:58:14;ID0857;MT;-23.920;0.00;211000076
2024/04/27;2024/04/27;RS Dill 27.04.2024;121001071;Raw Sugar (F);2201;2018;Z03;4054630070;103625/094;-24.240;MT;2024/04/29;15:58:14;ID0857;MT;-24.240;0.00;211000076
2024/04/26;2024/04/26;RS Dill 26.04.2024;121001071;Raw Sugar (F);2201;2018;Z03;4054630113;103625/094;-23.820;MT;2024/04/29;16:00:31;ID0857;MT;-23.820;0.00;211000076
2024/04/26;2024/04/26;RS Dill 26.04.2024;121001071;Raw Sugar (F);2201;2018;Z03;4054630113;103625/094;-24.100;MT;2024/04/29;16:00:31;ID0857;MT;-24.100;0.00;211000076
2024/04/26;2024/04/26;RS Dill 26.04.2024;121001071;Raw Sugar (F);2201;2018;Z03;4054630113;103625/094;-24.100;MT;2024/04/29;16:00:31;ID0857;MT;-24.100;0.00;211000076
2024/04/26;2024/04/26;RS Dill 26.04.2024;121001071;Raw Sugar (F);2201;2018;Z03;4054630113;103625/094;-23.960;MT;2024/04/29;16:00:31;ID0857;MT;-23.960;0.00;211000076
2024/04/26;2024/04/26;RS Dill 26.04.2024;121001071;Raw Sugar (F);2201;2018;Z03;4054630113;103625/094;-24.120;MT;2024/04/29;16:00:31;ID0857;MT;-24.120;0.00;211000076
2024/04/25;2024/04/25;RS Dill 25.04.2024;121001071;Raw Sugar (F);2201;2018;Z03;4054626783;103625/094;-24.160;MT;2024/04/27;15:20:41;ID0857;MT;-24.160;0.00;211000076
2024/04/25;2024/04/25;RS Dill 25.04.2024;121001071;Raw Sugar (F);2201;2018;Z03;4054626783;103625/094;-24.380;MT;2024/04/27;15:20:41;ID0857;MT;-24.380;0.00;211000076
2024/04/25;2024/04/25;RS Dill 25.04.2024;121001071;Raw Sugar (F);2201;2018;Z03;4054626783;103625/094;-24.400;MT;2024/04/27;15:20:41;ID0857;MT;-24.400;0.00;211000076
2024/04/25;2024/04/25;RS Dill 25.04.2024;121001071;Raw Sugar (F);2201;2018;Z03;4054626783;103625/094;-24.160;MT;2024/04/27;15:20:41;ID0857;MT;-24.160;0.00;211000076
2024/04/24;2024/04/24;RS Dill 24.04.2024;121001071;Raw Sugar (F);2201;2018;Z03;4054586667;103625/094;-23.900;MT;2024/04/25;15:57:51;ID0857;MT;-23.900;0.00;211000076
2024/04/24;2024/04/24;RS Dill 24.04.2024;121001071;Raw Sugar (F);2201;2018;Z03;4054586667;103625/094;-24.080;MT;2024/04/25;15:57:51;ID0857;MT;-24.080;0.00;211000076
2024/04/24;2024/04/24;RS Dill 24.04.2024;121001071;Raw Sugar (F);2201;2018;Z03;4054586667;103625/094;-24.140;MT;2024/04/25;15:57:51;ID0857;MT;-24.140;0.00;211000076
2024/04/24;2024/04/24;RS Dill 24.04.2024;121001071;Raw Sugar (F);2201;2018;Z03;4054586667;103625/094;-23.860;MT;2024/04/25;15:57:51;ID0857;MT;-23.860;0.00;211000076
2024/04/23;2024/04/23;RS Dill 23.04.2024;121001071;Raw Sugar (F);2201;2018;Z03;4054586635;103625/094;-24.360;MT;2024/04/25;15:55:26;ID0857;MT;-24.360;0.00;211000076
2024/04/23;2024/04/23;RS Dill 23.04.2024;121001071;Raw Sugar (F);2201;2018;Z03;4054586635;103625/094;-24.420;MT;2024/04/25;15:55:26;ID0857;MT;-24.420;0.00;211000076
2024/04/23;2024/04/23;RS Dill 23.04.2024;121001071;Raw Sugar (F);2201;2018;Z03;4054586635;103625/094;-24.060;MT;2024/04/25;15:55:26;ID0857;MT;-24.060;0.00;211000076
2024/04/23;2024/04/23;RS Dill 23.04.2024;121001071;Raw Sugar (F);2201;2018;Z03;4054586635;103625/094;-24.200;MT;2024/04/25;15:55:26;ID0857;MT;-24.200;0.00;211000076
2024/04/23;2024/04/23;RS Dill 23.04.2024;121001071;Raw Sugar (F);2201;2018;Z03;4054586635;103625/094;-24.360;MT;2024/04/25;15:55:26;ID0857;MT;-24.360;0.00;211000076
2024/04/22;2024/04/22;RS Dill 22.04.2024;121001071;Raw Sugar (F);2201;2018;Z03;4054541706;103625/094;-24.060;MT;2024/04/23;13:56:03;ID0857;MT;-24.060;0.00;211000076
2024/04/22;2024/04/22;RS Dill 22.04.2024;121001071;Raw Sugar (F);2201;2018;Z03;4054541706;103625/094;-24.080;MT;2024/04/23;13:56:03;ID0857;MT;-24.080;0.00;211000076
2024/04/22;2024/04/22;RS Dill 22.04.2024;121001071;Raw Sugar (F);2201;2018;Z03;4054541706;103625/094;-24.260;MT;2024/04/23;13:56:03;ID0857;MT;-24.260;0.00;211000076
2024/04/22;2024/04/22;RS Dill 22.04.2024;121001071;Raw Sugar (F);2201;2018;Z03;4054541706;103625/094;-23.940;MT;2024/04/23;13:56:03;ID0857;MT;-23.940;0.00;211000076
2024/04/22;2024/04/22;RS Dill 22.04.2024;121001071;Raw Sugar (F);2201;2018;Z03;4054541706;103625/094;-24.400;MT;2024/04/23;13:56:03;ID0857;MT;-24.400;0.00;211000076
2024/04/20;2024/04/20;RS Dill 20.04.2024;121001071;Raw Sugar (F);2201;2018;Z03;4054520034;103625/094;-24.140;MT;2024/04/22;15:04:48;ID0857;MT;-24.140;0.00;211000076
2024/04/20;2024/04/20;RS Dill 20.04.2024;121001071;Raw Sugar (F);2201;2018;Z03;4054520034;103625/094;-23.980;MT;2024/04/22;15:04:48;ID0857;MT;-23.980;0.00;211000076
2024/04/20;2024/04/20;RS Dill 20.04.2024;121001071;Raw Sugar (F);2201;2018;Z03;4054520034;103625/094;-24.400;MT;2024/04/22;15:04:48;ID0857;MT;-24.400;0.00;211000076
2024/04/20;2024/04/20;RS Dill 20.04.2024;121001071;Raw Sugar (F);2201;2018;Z03;4054520034;103625/094;-23.860;MT;2024/04/22;15:04:48;ID0857;MT;-23.860;0.00;211000076
2024/04/19;2024/04/19;RS Dill 19.04.2024;121001071;Raw Sugar (F);2201;2018;Z03;4054519929;103625/094;-24.360;MT;2024/04/22;14:47:38;ID0857;MT;-24.360;0.00;211000076
2024/04/19;2024/04/19;RS Dill 19.04.2024;121001071;Raw Sugar (F);2201;2018;Z03;4054519929;103625/094;-24.200;MT;2024/04/22;14:47:38;ID0857;MT;-24.200;0.00;211000076
2024/04/19;2024/04/19;RS Dill 19.04.2024;121001071;Raw Sugar (F);2201;2018;Z03;4054519929;103625/094;-24.380;MT;2024/04/22;14:47:38;ID0857;MT;-24.380;0.00;211000076
2024/04/19;2024/04/19;RS Dill 19.04.2024;121001071;Raw Sugar (F);2201;2018;Z03;4054519929;103625/094;-24.220;MT;2024/04/22;14:47:38;ID0857;MT;-24.220;0.00;211000076
2024/04/18;2024/04/18;RS Dill 18.04.2024;121001071;Raw Sugar (F);2201;2018;Z03;4054519923;103625/094;-24.320;MT;2024/04/22;14:46:16;ID0857;MT;-24.320;0.00;211000076
2024/04/18;2024/04/18;RS Dill 18.04.2024;121001071;Raw Sugar (F);2201;2018;Z03;4054519923;103625/094;-24.500;MT;2024/04/22;14:46:16;ID0857;MT;-24.500;0.00;211000076
2024/04/18;2024/04/18;RS Dill 18.04.2024;121001071;Raw Sugar (F);2201;2018;Z03;4054519923;103625/094;-24.380;MT;2024/04/22;14:46:16;ID0857;MT;-24.380;0.00;211000076
2024/04/16;2024/04/16;RS Dill 16.04.2024;121001071;Raw Sugar (F);2201;2018;Z03;4054519910;103625/094;-24.100;MT;2024/04/22;14:43:57;ID0857;MT;-24.100;0.00;211000076
2024/04/16;2024/04/16;RS Dill 16.04.2024;121001071;Raw Sugar (F);2201;2018;Z03;4054519910;103625/094;-24.440;MT;2024/04/22;14:43:57;ID0857;MT;-24.440;0.00;211000076
2024/04/16;2024/04/16;RS Dill 16.04.2024;121001071;Raw Sugar (F);2201;2018;Z03;4054519910;103625/094;-24.400;MT;2024/04/22;14:43:57;ID0857;MT;-24.400;0.00;211000076
2024/04/16;2024/04/16;RS Dill 16.04.2024;121001071;Raw Sugar (F);2201;2018;Z03;4054519910;103625/094;-24.080;MT;2024/04/22;14:43:57;ID0857;MT;-24.080;0.00;211000076
2024/04/15;2024/04/15;RS Dill 15.04.2024;121001071;Raw Sugar (F);2201;2018;Z03;4054519894;103625/094;-24.440;MT;2024/04/22;14:41:09;ID0857;MT;-24.440;0.00;211000076
2024/04/15;2024/04/15;RS Dill 15.04.2024;121001071;Raw Sugar (F);2201;2018;Z03;4054519894;103625/094;-24.500;MT;2024/04/22;14:41:09;ID0857;MT;-24.500;0.00;211000076
2024/04/15;2024/04/15;RS Dill 15.04.2024;121001071;Raw Sugar (F);2201;2018;Z03;4054519894;103625/094;-23.760;MT;2024/04/22;14:41:09;ID0857;MT;-23.760;0.00;211000076
2024/04/15;2024/04/15;RS Dill 15.04.2024;121001071;Raw Sugar (F);2201;2018;Z03;4054519894;103625/094;-24;MT;2024/04/22;14:41:09;ID0857;MT;-24;0.00;211000076
2024/04/13;2024/04/13;RS Dill 13.04.2024;121001071;Raw Sugar (F);2201;2018;Z03;4054519876;103625/094;-24.340;MT;2024/04/22;14:39:28;ID0857;MT;-24.340;0.00;211000076
2024/04/13;2024/04/13;RS Dill 13.04.2024;121001071;Raw Sugar (F);2201;2018;Z03;4054519876;103625/094;-24.020;MT;2024/04/22;14:39:28;ID0857;MT;-24.020;0.00;211000076
2024/04/13;2024/04/13;RS Dill 13.04.2024;121001071;Raw Sugar (F);2201;2018;Z03;4054519876;103625/094;-24.500;MT;2024/04/22;14:39:28;ID0857;MT;-24.500;0.00;211000076
2024/04/13;2024/04/13;RS Dill 13.04.2024;121001071;Raw Sugar (F);2201;2018;Z03;4054519876;103625/094;-24.200;MT;2024/04/22;14:39:28;ID0857;MT;-24.200;0.00;211000076
2024/04/13;2024/04/13;RS Dill 13.04.2024;121001071;Raw Sugar (F);2201;2018;Z03;4054519876;103625/094;-23.780;MT;2024/04/22;14:39:28;ID0857;MT;-23.780;0.00;211000076
2024/04/12;2024/04/12;RS Dill 12.04.2024;121001071;Raw Sugar (F);2201;2018;Z03;4054519848;103625/094;-24.340;MT;2024/04/22;14:36:23;ID0857;MT;-24.340;0.00;211000076
2024/04/12;2024/04/12;RS Dill 12.04.2024;121001071;Raw Sugar (F);2201;2018;Z03;4054519848;103625/094;-24.340;MT;2024/04/22;14:36:23;ID0857;MT;-24.340;0.00;211000076
2024/04/12;2024/04/12;RS Dill 12.04.2024;121001071;Raw Sugar (F);2201;2018;Z03;4054519848;103625/094;-24.020;MT;2024/04/22;14:36:23;ID0857;MT;-24.020;0.00;211000076
2024/04/12;2024/04/12;RS Dill 12.04.2024;121001071;Raw Sugar (F);2201;2018;Z03;4054519848;103625/094;-24.260;MT;2024/04/22;14:36:23;ID0857;MT;-24.260;0.00;211000076
2024/04/12;2024/04/12;RS Dill 12.04.2024;121001071;Raw Sugar (F);2201;2018;Z03;4054519848;103625/094;-24.240;MT;2024/04/22;14:36:23;ID0857;MT;-24.240;0.00;211000076
2024/04/11;2024/04/11;RS Dill 11.04.2024;121001071;Raw Sugar (F);2201;2018;Z03;4054519822;103625/094;-24.180;MT;2024/04/22;14:34:03;ID0857;MT;-24.180;0.00;211000076
2024/04/11;2024/04/11;RS Dill 11.04.2024;121001071;Raw Sugar (F);2201;2018;Z03;4054519822;103625/094;-24.140;MT;2024/04/22;14:34:03;ID0857;MT;-24.140;0.00;211000076
2024/04/11;2024/04/11;RS Dill 11.04.2024;121001071;Raw Sugar (F);2201;2018;Z03;4054519822;103625/094;-23.720;MT;2024/04/22;14:34:03;ID0857;MT;-23.720;0.00;211000076
2024/04/11;2024/04/11;RS Dill 11.04.2024;121001071;Raw Sugar (F);2201;2018;Z03;4054519822;103625/094;-24.080;MT;2024/04/22;14:34:03;ID0857;MT;-24.080;0.00;211000076
2024/04/09;2024/04/09;RS Dill 09.04.2024;121001071;Raw Sugar (F);2201;2018;Z03;4054519809;103625/094;-24.380;MT;2024/04/22;14:32:17;ID0857;MT;-24.380;0.00;211000076
2024/04/09;2024/04/09;RS Dill 09.04.2024;121001071;Raw Sugar (F);2201;2018;Z03;4054519809;103625/094;-24.220;MT;2024/04/22;14:32:17;ID0857;MT;-24.220;0.00;211000076
2024/04/09;2024/04/09;RS Dill 09.04.2024;121001071;Raw Sugar (F);2201;2018;Z03;4054519809;103625/094;-24.300;MT;2024/04/22;14:32:17;ID0857;MT;-24.300;0.00;211000076
2024/04/09;2024/04/09;RS Dill 09.04.2024;121001071;Raw Sugar (F);2201;2018;Z03;4054519809;103625/094;-24.020;MT;2024/04/22;14:32:17;ID0857;MT;-24.020;0.00;211000076
2024/04/08;2024/04/08;RS Dill 08.04.2024;121001071;Raw Sugar (F);2201;2018;Z03;4054519760;103625/094;-24.420;MT;2024/04/22;14:26:34;ID0857;MT;-24.420;0.00;211000076
2024/04/08;2024/04/08;RS Dill 08.04.2024;121001071;Raw Sugar (F);2201;2018;Z03;4054519760;103625/094;-24.060;MT;2024/04/22;14:26:34;ID0857;MT;-24.060;0.00;211000076
2024/04/08;2024/04/08;RS Dill 08.04.2024;121001071;Raw Sugar (F);2201;2018;Z03;4054519760;103625/094;-24.260;MT;2024/04/22;14:26:34;ID0857;MT;-24.260;0.00;211000076
2024/04/08;2024/04/08;RS Dill 08.04.2024;121001071;Raw Sugar (F);2201;2018;Z03;4054519760;103625/094;-24.360;MT;2024/04/22;14:26:34;ID0857;MT;-24.360;0.00;211000076
2024/04/08;2024/04/08;RS Dill 08.04.2024;121001071;Raw Sugar (F);2201;2018;Z03;4054519760;103625/094;-24.120;MT;2024/04/22;14:26:34;ID0857;MT;-24.120;0.00;211000076
2024/04/07;2024/04/07;RS Dill 07.04.2024;121001071;Raw Sugar (F);2201;2018;Z03;4054519730;103625/094;-24.200;MT;2024/04/22;14:24:17;ID0857;MT;-24.200;0.00;211000076
2024/04/07;2024/04/07;RS Dill 07.04.2024;121001071;Raw Sugar (F);2201;2018;Z03;4054519730;103625/094;-24.100;MT;2024/04/22;14:24:17;ID0857;MT;-24.100;0.00;211000076
2024/04/06;2024/04/06;RS Dill 06.04.2024;121001071;Raw Sugar (F);2201;2018;Z03;4054519718;103625/094;-23.820;MT;2024/04/22;14:22:15;ID0857;MT;-23.820;0.00;211000076
2024/04/06;2024/04/06;RS Dill 06.04.2024;121001071;Raw Sugar (F);2201;2018;Z03;4054519718;103625/094;-24.040;MT;2024/04/22;14:22:15;ID0857;MT;-24.040;0.00;211000076
2024/04/06;2024/04/06;RS Dill 06.04.2024;121001071;Raw Sugar (F);2201;2018;Z03;4054519718;103625/094;-24.040;MT;2024/04/22;14:22:15;ID0857;MT;-24.040;0.00;211000076
2024/04/06;2024/04/06;RS Dill 06.04.2024;121001071;Raw Sugar (F);2201;2018;Z03;4054519718;103625/094;-24.160;MT;2024/04/22;14:22:15;ID0857;MT;-24.160;0.00;211000076
2024/04/05;2024/04/05;RS Dill 05.04.2024;121001071;Raw Sugar (F);2201;2018;Z03;4054407169;103625/094;-23.920;MT;2024/04/06;12:04:45;ID0857;MT;-23.920;0.00;211000076
2024/04/05;2024/04/05;RS Dill 05.04.2024;121001071;Raw Sugar (F);2201;2018;Z03;4054407169;103625/094;-24.280;MT;2024/04/06;12:04:45;ID0857;MT;-24.280;0.00;211000076
2024/04/05;2024/04/05;RS Dill 05.04.2024;121001071;Raw Sugar (F);2201;2018;Z03;4054407169;103625/094;-23.940;MT;2024/04/06;12:04:45;ID0857;MT;-23.940;0.00;211000076
2024/04/05;2024/04/05;RS Dill 05.04.2024;121001071;Raw Sugar (F);2201;2018;Z03;4054407169;103625/094;-24.480;MT;2024/04/06;12:04:45;ID0857;MT;-24.480;0.00;211000076
2024/04/04;2024/04/04;RS Dill 04.04.2024;121001071;Raw Sugar (F);2201;2018;Z03;4054407168;103625/094;-24.340;MT;2024/04/06;12:04:07;ID0857;MT;-24.340;0.00;211000076
2024/04/04;2024/04/04;RS Dill 04.04.2024;121001071;Raw Sugar (F);2201;2018;Z03;4054407168;103625/094;-24.420;MT;2024/04/06;12:04:07;ID0857;MT;-24.420;0.00;211000076
2024/04/04;2024/04/04;RS Dill 04.04.2024;121001071;Raw Sugar (F);2201;2018;Z03;4054407168;103625/094;-24.180;MT;2024/04/06;12:04:07;ID0857;MT;-24.180;0.00;211000076
2024/04/04;2024/04/04;RS Dill 04.04.2024;121001071;Raw Sugar (F);2201;2018;Z03;4054407168;103625/094;-24.440;MT;2024/04/06;12:04:07;ID0857;MT;-24.440;0.00;211000076
2024/04/04;2024/04/04;RS Dill 04.04.2024;121001071;Raw Sugar (F);2201;2018;Z03;4054407168;103625/094;-24.320;MT;2024/04/06;12:04:07;ID0857;MT;-24.320;0.00;211000076
2024/04/03;2024/04/03;RS Dill 03.04.2024;121001071;Raw Sugar (F);2201;2018;Z03;4054407165;103625/094;-24.320;MT;2024/04/06;12:02:29;ID0857;MT;-24.320;0.00;211000076
2024/04/03;2024/04/03;RS Dill 03.04.2024;121001071;Raw Sugar (F);2201;2018;Z03;4054407165;103625/094;-24.200;MT;2024/04/06;12:02:29;ID0857;MT;-24.200;0.00;211000076
2024/04/03;2024/04/03;RS Dill 03.04.2024;121001071;Raw Sugar (F);2201;2018;Z03;4054407165;103625/094;-24.460;MT;2024/04/06;12:02:29;ID0857;MT;-24.460;0.00;211000076
2024/04/03;2024/04/03;RS Dill 03.04.2024;121001071;Raw Sugar (F);2201;2018;Z03;4054407165;103625/094;-23.820;MT;2024/04/06;12:02:29;ID0857;MT;-23.820;0.00;211000076
2024/04/03;2024/04/03;RS Dill 03.04.2024;121001071;Raw Sugar (F);2201;2018;Z03;4054407165;103625/094;-24.300;MT;2024/04/06;12:02:29;ID0857;MT;-24.300;0.00;211000076
2024/04/02;2024/04/02;RS Dill 02.04.2024;121001071;Raw Sugar (F);2201;2018;Z03;4054407154;103625/094;-24.220;MT;2024/04/06;11:58:51;ID0857;MT;-24.220;0.00;211000076
2024/04/02;2024/04/02;RS Dill 02.04.2024;121001071;Raw Sugar (F);2201;2018;Z03;4054407154;103625/094;-24.280;MT;2024/04/06;11:58:51;ID0857;MT;-24.280;0.00;211000076
2024/04/02;2024/04/02;RS Dill 02.04.2024;121001071;Raw Sugar (F);2201;2018;Z03;4054407154;103625/094;-24.120;MT;2024/04/06;11:58:51;ID0857;MT;-24.120;0.00;211000076
2024/04/02;2024/04/02;RS Dill 02.04.2024;121001071;Raw Sugar (F);2201;2018;Z03;4054407154;103625/094;-24.100;MT;2024/04/06;11:58:51;ID0857;MT;-24.100;0.00;211000076
2024/04/02;2024/04/02;RS Dill 02.04.2024;121001071;Raw Sugar (F);2201;2018;Z03;4054407154;103625/094;-24.020;MT;2024/04/06;11:58:51;ID0857;MT;-24.020;0.00;211000076
2024/04/01;2024/04/01;RS Dill 31.03.2024;121001071;Raw Sugar (F);2201;2018;Z03;4054365668;103625/094;-24.160;MT;2024/04/04;12:42:05;ID0857;MT;-24.160;0.00;211000076
2024/04/01;2024/04/01;RS Dill 31.03.2024;121001071;Raw Sugar (F);2201;2018;Z03;4054365668;103625/094;-24.180;MT;2024/04/04;12:42:05;ID0857;MT;-24.180;0.00;211000076
2024/04/01;2024/04/01;RS Dill 01.04.2024;121001071;Raw Sugar (F);2201;2018;Z03;4054365673;103625/094;-24.240;MT;2024/04/04;12:42:58;ID0857;MT;-24.240;0.00;211000076
2024/04/01;2024/04/01;RS Dill 01.04.2024;121001071;Raw Sugar (F);2201;2018;Z03;4054365673;103625/094;-24.300;MT;2024/04/04;12:42:58;ID0857;MT;-24.300;0.00;211000076
2024/04/01;2024/04/01;RS Dill 01.04.2024;121001071;Raw Sugar (F);2201;2018;Z03;4054365673;103625/094;-24.340;MT;2024/04/04;12:42:58;ID0857;MT;-24.340;0.00;211000076
2024/04/01;2024/04/01;RS Dill 01.04.2024;121001071;Raw Sugar (F);2201;2018;Z03;4054365673;103625/094;-24.460;MT;2024/04/04;12:42:58;ID0857;MT;-24.460;0.00;211000076
2024/04/01;2024/04/01;RS Dill 01.04.2024;121001071;Raw Sugar (F);2201;2018;Z03;4054365673;103625/094;-24.400;MT;2024/04/04;12:42:58;ID0857;MT;-24.400;0.00;211000076
2024/04/30;2024/04/30;BM Dill 30.04.2024;121001072;Beet Molasses (F);2201;2018;Z03;4054669965;0827980723;-225.707;MT;2024/05/02;15:05:03;ID0857;MT;-225.707;0.00;211000065
2024/04/29;2024/04/29;BM Dill 29.04.2024;121001072;Beet Molasses (F);2201;2018;Z03;4054669957;0827980723;-20;MT;2024/05/02;15:03:34;ID0857;MT;-20;0.00;211000065
2024/04/27;2024/04/27;Cancel 4054626802;121001072;Beet Molasses (F);2201;2018;Z04;4054629781;0827980723;20;MT;2024/04/29;15:36:33;ID0857;MT;20;0.00;211000065
2024/04/27;2024/04/27;BM Dill 27.04.2024;121001072;Beet Molasses (F);2201;2018;Z03;4054626802;0827980723;-20;MT;2024/04/27;15:24:53;ID0857;MT;-20;0.00;211000065
2024/04/27;2024/04/27;BM Dill 27.04.2024;121001072;Beet Molasses (F);2201;2018;Z03;4054630127;0827980723;-20;MT;2024/04/29;16:01:41;ID0857;MT;-20;0.00;211000065
2024/04/26;2024/04/26;BM Dill 26.04.2024;121001072;Beet Molasses (F);2201;2018;Z03;4054630123;0827980723;-20;MT;2024/04/29;16:01:13;ID0857;MT;-20;0.00;211000065
2024/04/25;2024/04/25;BM Dill 25.04.2024;121001072;Beet Molasses (F);2201;2018;Z03;4054626795;0827980723;-20;MT;2024/04/27;15:24:02;ID0857;MT;-20;0.00;211000065
2024/04/24;2024/04/24;BM Dill 24.04.2024;121001072;Beet Molasses (F);2201;2018;Z03;4054586691;0827980723;-20;MT;2024/04/25;15:59:47;ID0857;MT;-20;0.00;211000065
2024/04/23;2024/04/23;BM Dill 23.04.2024;121001072;Beet Molasses (F);2201;2018;Z03;4054586683;0827980723;-20;MT;2024/04/25;15:59:00;ID0857;MT;-20;0.00;211000065
2024/04/22;2024/04/22;BM Dill 22.04.2024;121001072;Beet Molasses (F);2201;2018;Z03;4054541729;0827980723;-20;MT;2024/04/23;13:58:11;ID0857;MT;-20;0.00;211000065
2024/04/20;2024/04/20;BM Dill 20.04.2024;121001072;Beet Molasses (F);2201;2018;Z03;4054520181;0827980723;-20;MT;2024/04/22;15:18:00;ID0857;MT;-20;0.00;211000065
2024/04/19;2024/04/19;BM Dill 19.04.2024;121001072;Beet Molasses (F);2201;2018;Z03;4054520175;0827980723;-20;MT;2024/04/22;15:17:24;ID0857;MT;-20;0.00;211000065
2024/04/18;2024/04/18;BM Dill 18.04.2024;121001072;Beet Molasses (F);2201;2018;Z03;4054520170;0827980723;-20;MT;2024/04/22;15:16:45;ID0857;MT;-20;0.00;211000065
2024/04/16;2024/04/16;BM Dill 16.04.2024;121001072;Beet Molasses (F);2201;2018;Z03;4054520163;0827980723;-20;MT;2024/04/22;15:16:08;ID0857;MT;-20;0.00;211000065
2024/04/15;2024/04/15;BM Dill 15.04.2024;121001072;Beet Molasses (F);2201;2018;Z03;4054520130;0827980723;-20;MT;2024/04/22;15:13:44;ID0857;MT;-20;0.00;211000065
2024/04/13;2024/04/13;BM Dill 13.04.2024;121001072;Beet Molasses (F);2201;2018;Z03;4054520117;0827980723;-20;MT;2024/04/22;15:13:02;ID0857;MT;-20;0.00;211000065
2024/04/12;2024/04/12;BM Dill 12.04.2024;121001072;Beet Molasses (F);2201;2018;Z03;4054520114;0827980723;-20;MT;2024/04/22;15:12:26;ID0857;MT;-20;0.00;211000065
2024/04/11;2024/04/11;BM Dill 11.04.2024;121001072;Beet Molasses (F);2201;2018;Z03;4054520111;0827980723;-20;MT;2024/04/22;15:11:51;ID0857;MT;-20;0.00;211000065
2024/04/09;2024/04/09;BM Dill 09.04.2024;121001072;Beet Molasses (F);2201;2018;Z03;4054520105;0827980723;-20;MT;2024/04/22;15:11:18;ID0857;MT;-20;0.00;211000065
2024/04/08;2024/04/08;BM Dill 08.04.2024;121001072;Beet Molasses (F);2201;2018;Z03;4054520095;0827980723;-20;MT;2024/04/22;15:10:39;ID0857;MT;-20;0.00;211000065
2024/04/07;2024/04/07;BM Dill 07.04.2024;121001072;Beet Molasses (F);2201;2018;Z03;4054520077;0827980723;-20;MT;2024/04/22;15:09:34;ID0857;MT;-20;0.00;211000065
2024/04/06;2024/04/06;BM Dill 06.04.2024;121001072;Beet Molasses (F);2201;2018;Z03;4054520068;0827980723;-20;MT;2024/04/22;15:08:54;ID0857;MT;-20;0.00;211000065
2024/04/05;2024/04/05;BM Dill 05.04.2024;121001072;Beet Molasses (F);2201;2018;Z03;4054407203;0827980723;-20;MT;2024/04/06;12:21:05;ID0857;MT;-20;0.00;211000076
2024/04/04;2024/04/04;BM Dill 04.04.2024;121001072;Beet Molasses (F);2201;2018;Z03;4054407202;0827980723;-20;MT;2024/04/06;12:20:46;ID0857;MT;-20;0.00;211000076
2024/04/03;2024/04/03;BM Dill 03.04.2024;121001072;Beet Molasses (F);2201;2018;Z03;4054407187;0827980723;-20;MT;2024/04/06;12:20:23;ID0857;MT;-20;0.00;211000076
2024/04/02;2024/04/02;BM Dill 02.04.2024;121001072;Beet Molasses (F);2201;2018;Z03;4054407186;0827980723;-20;MT;2024/04/06;12:20:08;ID0857;MT;-20;0.00;211000065
2024/04/01;2024/04/01;BM Dill 01.04.2024;121001072;Beet Molasses (F);2201;2018;Z03;4054407183;0827980723;-20;MT;2024/04/06;12:19:19;ID0857;MT;-20;0.00;211000065
2024/04/01;2024/04/01;BM Dill 31.03.2024;121001072;Beet Molasses (F);2201;2018;Z03;4054407185;0827980723;-20;MT;2024/04/06;12:19:44;ID0857;MT;-20;0.00;211000065
